Product,Category
OnePlus 11,Tablet
Fitbit Charge,Smartwatch
Fitbit Charge,Tablet
Galaxy Tab,Tablet
Fitbit Charge,Accessories
AirPods Pro,Tablet
iPhone 13,Smartwatch
OnePlus 11,Laptop
AirPods Pro,Laptop
Galaxy Tab,Laptop
iPhone 13,Accessories
Galaxy Tab,Smartwatch
OnePlus 11,Mobile
AirPods Pro,Accessories
Galaxy Tab,Mobile
MacBook Air,Accessories
OnePlus 11,Smartwatch
OnePlus 11,Accessories
MacBook Air,Smartwatch
Fitbit Charge,Laptop
AirPods Pro,Smartwatch
MacBook Air,Mobile
Galaxy Tab,Accessories
iPhone 13,Laptop
Fitbit Charge,Mobile
iPhone 13,Tablet
iPhone 13,Mobile
MacBook Air,Laptop
MacBook Air,Tablet
AirPods Pro,Mobile
